链接标题,内容摘要,来源贴吧,最近回复用户名,最近回复时间,链接地址,主题帖包含图片链接,主题帖内容,图片本地存储地址
回复:B站老狼的成员b站涨粉情况统计,"回复我的女帝? :创造101的鹿小草和,感觉她们那样的视频就不错,大概就是穿搭,吐槽,弹唱,vlog之类的,不要只限于河内的内容不然路人没兴趣看",生个女孩,小菊養二,2021-12-27 09:43,https://tieba.baidu.com/p/7673405887?pid=142629272305&cid=142635602247#142635602247,"['', '什么时候统计一下抖音', '昕羊大本营b站涨粉今年也就和蒋芸王晓佳打个平手，甚至略输，加上奉天承芸的发糖频率，再打一场差距只会更大。', '没有我们6677日记本？进团一年左右', '天草粉丝数不少', '老刘和小包的成绩还不错，继续努力', '袁一琦只投稿了五个视频 前十唯一一个个位数投稿量的 平均下来单个视频吸粉能力有点🐂', 'cy居然不是第一第二', '竟然没有乐乐', '这都多久前的视频了', '官方号和寒影的粉丝增量更有参考价值。', 'w经典不太行啊，脆脆鲨关注走一波啊', '大葡萄怎么做到负增长的？', '大葡萄居然还掉粉了']",['http://tiebapic.baidu.com/forum/w%3D580/sign=b6a60269db510fb37819779fe932c893/0d07dd58ccbf6c81d0616038f93eb13532fa4015.jpg'],['../../results\\成果狗哥\\images\\小菊養二.jpg']
回复:旧活新水 #30天安利成果#,",狗子,狗大哥,李大柱,柱子哥",成果,雅图不会说谎,2022-01-01 08:31,https://tieba.baidu.com/p/7679855759?pid=142699413780&cid=0#142699413780,"['Day5 对她的爱称果果', '', '那可以吃果果吗🤤', '果子姐', '狗哥，狗子，狗大哥，李大柱，柱子哥', '我的果果🤤🤤🤤🤤', '我的狗子', '']",['http://tiebapic.baidu.com/forum/w%3D580/sign=793281ca835c1038247ececa8210931c/a9610d338744ebf88a2ee5ef9cf9d72a6159a781.jpg'],['../../results\\成果狗哥\\images\\雅图不会说谎.jpg']
回复:旧活新水#30天安利成果#,回复因爱生活? :什么叫旧活新水啊,成果,z62788219,2021-12-30 21:13,https://tieba.baidu.com/p/7676695458?pid=142676109690&cid=142683685530#142683685530,"['Day2 喜欢她什么？一开始是喜欢那个有学霸属性、做事干脆利落、思维敏捷、有颜值又卖的一手好萌的诸葛大力，后来渐渐的，把注意力从大力身上转移到了成果身上，其实也不知道喜欢她什么，现在更多的是一种习惯，习惯性的去关注她、维护她。', '', '离黄牌又近了一步', '我喜欢伟大CP，到现在还喜欢', '第三天该更新了', '兰尼斯特，有贴必回']",['http://tiebapic.baidu.com/forum/w%3D580/sign=7487adf2dccb39dbc1c0675ee01609a7/5d3cf9dcd100baa164528ea31a10b912c8fc2eaa.jpg'],['../../results\\成果狗哥\\images\\z62788219.jpg']
回复:早年的狗哥也很漂亮,",爱情公寓5诸葛大力的扮演者,这是早期当模特的时候的照片",成果,君子乘龙,2021-11-17 09:27,https://tieba.baidu.com/p/7613519735?pid=142091508530&cid=142091854019#142091854019,"['', '现在是中年狗哥？', '现在也很漂亮啊', '老婆老婆', '那是，狗哥从小美到大，可谓人间圣美。加油！💪', '一个星期，两个直接', '这女的叫什么啊', '', '', '我老婆一直如此', '图二真的 一眼千年', '我老婆，都瞎看什么']","['http://tiebapic.baidu.com/forum/w%3D580/sign=1b3c824b08fbb2fb342b581a7f4b2043/6b004d086e061d9548a9bd2e26f40ad162d9ca3f.jpg', 'http://tiebapic.baidu.com/forum/w%3D580/sign=bfac0ee3639759ee4a5060c382fa434e/dd31e824b899a901fb5e31d858950a7b0308f5f3.jpg']","['../../results\\成果狗哥\\images\\君子乘龙-0.jpg', '../../results\\成果狗哥\\images\\君子乘龙-1.jpg']"
"通过半个小时的翻地图,终于找到狗哥拍视频的地方了","这个地方在无锡市人民西路旁边,图四就是视频刚开始在马路上的地方。##",成果,阳明go,2021-11-26 22:48,https://tieba.baidu.com/p/7627885857?pid=142225270818&cid=0#142225270818,"['这个地方在无锡市人民西路旁边，图四就是狗哥视频刚开始在马路上的地方。#成果#', '八年过去后面的树都长高了不少', '', '你可真行', '🐮', '地方老熟了，上面就是我以前高中，不过我还是想说你狗宠粉心切啊，不等拆迁完再发视频', '🐂', '', '我们都知道在哪，你还要花半个小时去翻地图，真是辛苦你了。。。。。。', '狗哥外公外婆还在旧房子吧，不如过去问拿个签名', '笑死去了你也看不到她', '辛苦老哥了！可惜我是无法赶在拆迁之前去走一次她走过的路了', '厉害', '然并卵', '']","['http://tiebapic.baidu.com/forum/w%3D580/sign=276463c5f551f819f1250342eab54a76/89fafaedab64034f668627e8eac379310b551d92.jpg', 'http://tiebapic.baidu.com/forum/w%3D580/sign=d96f56c6737adab43dd01b4bbbd5b36b/c14e79f0f736afc35847da8bf619ebc4b6451292.jpg', 'http://tiebapic.baidu.com/forum/w%3D580/sign=ac6d608fbd1986184147ef8c7aec2e69/39ecaa64034f78f0e8407f1d3c310a55b2191c92.jpg', 'http://tiebapic.baidu.com/forum/w%3D580/sign=b359d7d66d381f309e198da199004c67/dc168b82b9014a90db75a353ec773912b21bee93.jpg', 'http://tiebapic.baidu.com/forum/w%3D580/sign=787ebed858950a7b75354ecc3ad0625c/fb13b21bb051f819b26ee6a49fb44aed2f73e793.jpg', 'http://tiebapic.baidu.com/forum/w%3D580/sign=8bfd5708627f9e2f70351d002f31e962/81a88326cffc1e17a0f469df0f90f603728de993.jpg', 'http://tiebapic.baidu.com/forum/w%3D580/sign=7a1cca96961349547e1ee86c664f92dd/4734e4dde71190ef5205e0c8931b9d16fdfa6028.jpg']","['../../results\\成果狗哥\\images\\阳明go-0.jpg', '../../results\\成果狗哥\\images\\阳明go-1.jpg', '../../results\\成果狗哥\\images\\阳明go-2.jpg', '../../results\\成果狗哥\\images\\阳明go-3.jpg', '../../results\\成果狗哥\\images\\阳明go-4.jpg', '../../results\\成果狗哥\\images\\阳明go-5.jpg', '../../results\\成果狗哥\\images\\阳明go-6.jpg']"
回复:有吧友跟成果一起玩过水友赛的经历吗?,"我和单独单玩一局五子棋,虽说是网上,但好像就在我面前,非常紧张,导致脑子没想着五子棋,却能赢,之后这片段时不时回味一下",成果,范校长活宝,2021-12-16 09:33,https://tieba.baidu.com/p/7655334685?pid=142488538040&cid=0#142488538040,"['好想知道这是一种什么样的体验', '又想看直播又要玩游戏，开着车到处找狗子，还没找到就被打死了', '', '水友赛没玩过不过一起玩过动森', '我玩过三次！', '没有，不如看直播', '', '我和狗哥单独单玩一局五子棋，虽说是网上，但好像狗哥就在我面前，非常紧张，导致脑子没想着五子棋，却能赢，之后这片段时不时回味一下', '去年和狗哥，铎哥一起吃过鸡', '狗哥就不能玩点mc啥的，', '终于终于有人问啦啊哈哈哈']","['http://tiebapic.baidu.com/forum/w%3D580/sign=8ffa63cc262762d0803ea4b790ed0849/4500a08b87d6277fb839eed76d381f30e924fc3c.jpg', 'http://tiebapic.baidu.com/forum/w%3D580/sign=c1699dbf493387449cc52f74610ed937/933c279759ee3d6d62b6442406166d224e4adeeb.jpg']","['../../results\\成果狗哥\\images\\范校长活宝-0.jpg', '../../results\\成果狗哥\\images\\范校长活宝-1.jpg']"
回复:对小缘斗鱼的一些简单分析,"讲荤段子也正常,直播mc效果好,爱情公寓挺火的直播也是车速很快",生个女孩,Xodqci8383,2021-12-06 13:07,https://tieba.baidu.com/p/7639934760?pid=142352087035&cid=0#142352087035,"['不愧是当过主播的，确实直播很自然。在二次元分区，应该是播游戏的。拍照技术可以，可能本身就好看。斗鱼的滤镜太恐怖了。在斗鱼播了一年左右，属于比较凉的，断断续续的播，也不是天天播。时间段大概17点到22点。比较好奇的是，大三学生，哪来的时间和地点直播。', '第二张图 明显是宿舍 有些艺术生 全宿舍都搞直播', '终于理解为什么刚开播一直说口袋直播丑了，原来是用过高级直播平台', '王晓佳？', '大学生直播有啥稀奇的王菠萝不就是大学就开始直播了', '图二好像林佳怡', '', 'u1s1，小缘化妆和p图技术是不错的', '微博上说她ghs，怎么连一张福利照都没有啊，我还想看呢', '讲荤段子也正常，直播mc效果好，爱情公寓挺火的成果狗哥直播也是车速很快', '再来说说被封，一般是那种舞蹈区，或者胸大的容易被封。她这种真没什么好封的。微博搜了一下，不太像她，we号不全，没法搜', 'Qq 号', '我妹的同学，也是大三，签了公司在抖音直播。自己租房，有空就播，跳舞很顶。', '素颜生图不如东源和北元', '看直播挺会聊骚的']","['http://tiebapic.baidu.com/forum/w%3D580/sign=8c76f20d9b5c1038247ececa8211931c/938d77f40ad162d997f5900b4cdfa9ec8a13cd10.jpg', 'http://tiebapic.baidu.com/forum/w%3D580/sign=208280c94c24ab18e016e13f05f8e69a/d8d10523dd54564ee0bc81d6f6de9c82d3584f8d.jpg', 'http://tiebapic.baidu.com/forum/w%3D580/sign=493fe6221766d0167e199e20a729d498/1c34c71349540923adb00691d758d109b1de498d.jpg', 'http://tiebapic.baidu.com/forum/w%3D580/sign=a4b067cb55fa513d51aa6cd60d6d554c/da7ef7edab64034f4dcf3011f2c379310a551d28.jpg']","['../../results\\成果狗哥\\images\\Xodqci8383-0.jpg', '../../results\\成果狗哥\\images\\Xodqci8383-1.jpg', '../../results\\成果狗哥\\images\\Xodqci8383-2.jpg', '../../results\\成果狗哥\\images\\Xodqci8383-3.jpg']"
回复:来了来了,回复 音铳剑♂锡音 :你咋知道叫,王冰冰,Llt19991,2021-09-23 11:31,https://tieba.baidu.com/p/7547255785?pid=141387110493&cid=141402096452#141402096452,"['我的心是冰冰的', '图源近期最爱的两张截图、', '中秋节快乐', '中秋节快乐', '中秋快乐！', '', '中秋快乐啊', '', '不错不错，一会儿我给找找清晰版的。', '清 晰 版', '回眸一笑百媚生！', '找到两张清晰版的', '兄弟不考虑换个头像吗', '来了来了', '']","['http://tiebapic.baidu.com/forum/w%3D580/sign=da9abfda643fb80e0cd161df06d02ffb/9ff5043b5bb5c9eacebdb0089039b6003bf3b37a.jpg', 'http://tiebapic.baidu.com/forum/w%3D580/sign=fc4c3ed53eec54e741ec1a1689399bfd/f0dbceea15ce36d3084a30db7ff33a87e850b17a.jpg', 'http://tiebapic.baidu.com/forum/w%3D580/sign=cfbb76f7ee1c8701d6b6b2ee177e9e6e/725dcf95d143ad4b30db8ed3df025aafa50f069f.jpg', 'http://tiebapic.baidu.com/forum/w%3D580/sign=44f3006621d12f2ece05ae687fc3d5ff/bea031d3d539b60005ec6e06fe50352ac75cb7cb.jpg', 'http://tiebapic.baidu.com/forum/w%3D580/sign=cbdc31dedf8ba61edfeec827713597cc/2e5be2dde71190ef0c2fa5cb931b9d16fcfa60b8.jpg', 'http://tiebapic.baidu.com/forum/w%3D580/sign=950a2090941373f0f53f6f97940e4b8b/11cfca11728b4710fd5b452786cec3fdfd032357.jpg', 'http://tiebapic.baidu.com/forum/w%3D580/sign=a64e15fbf4ec8a13141a57e8c7039157/649219178a82b901bbf2f2272e8da9773912ef32.jpg']","['../../results\\成果狗哥\\images\\Llt19991-0.jpg', '../../results\\成果狗哥\\images\\Llt19991-1.jpg', '../../results\\成果狗哥\\images\\Llt19991-2.jpg', '../../results\\成果狗哥\\images\\Llt19991-3.jpg', '../../results\\成果狗哥\\images\\Llt19991-4.jpg', '../../results\\成果狗哥\\images\\Llt19991-5.jpg', '../../results\\成果狗哥\\images\\Llt19991-6.jpg']"
回复:贴吧老哥们知道怎么在ins上保存狗哥的美照吗?#成果#,"手机上下载一个叫 光影存图 的app,就可以保存ins原图,视频也可以用",成果,txapx41089,2021-09-19 15:05,https://tieba.baidu.com/p/6697044809?pid=132328920138&cid=141352779382#141352779382,"['贴吧老哥们知道怎么在ins上保存狗哥的美照吗？#成果#', '表示真的想保存一些图片和视频，但是我不会', '百度一下不会吗', '', '', '百度一分钟，吧里吹逼一整天', '手机截图', '', 'ins下不来好几M那种   反正我不会', '', 'iOS的可以下這個', '网页版']","['http://tiebapic.baidu.com/forum/w%3D580/sign=7b903b4b683e6709be0045f70bc79fb8/5059d009b3de9c820d4e3ee37b81800a19d843b1.jpg', 'http://tiebapic.baidu.com/forum/w%3D580/sign=48b02b6fdf95d143da76e42b43f08296/bf1fd31b0ef41bd5a7792f9846da81cb39db3db1.jpg', 'http://tiebapic.baidu.com/forum/w%3D580/sign=1b4f3ee37b81800a6ee58906813533d6/768e8d5494eef01ff03edfa9f7fe9925bc317db2.jpg', 'http://tiebapic.baidu.com/forum/w%3D580/sign=f94b7bd7b11ea8d38a22740ca70b30cf/5b24bd315c6034a8946e74eddc134954082376d4.jpg']","['../../results\\成果狗哥\\images\\txapx41089-0.jpg', '../../results\\成果狗哥\\images\\txapx41089-1.jpg', '../../results\\成果狗哥\\images\\txapx41089-2.jpg', '../../results\\成果狗哥\\images\\txapx41089-3.jpg']"
回复:#成果#,"回复 吃的喵酱- :眼真尖,因为他才是我心中的真神",成果,独孤行行不行,2021-09-24 21:21,https://tieba.baidu.com/p/7550868376?pid=141412556107&cid=141421044406#141421044406,"['我想外婆了', '', '+3', '作为一个吧里的新人 :在吧里不敢大声说话 ，也不敢得罪任何菩萨 ！只能默默地出现一下 ，水到经验转身就走开 。', '', '']","['http://tiebapic.baidu.com/forum/w%3D580/sign=accd6ae2faefce1bea2bc8c29f51f3e8/b4084a36acaf2edd9fee60fdd01001e93901938c.jpg', 'http://tiebapic.baidu.com/forum/w%3D580/sign=4a7cecb18c43ad4ba62e46c8b2025a89/101a0ff41bd5ad6e4e8b75fedccb39dbb6fd3cb1.jpg']","['../../results\\成果狗哥\\images\\独孤行行不行-0.jpg', '../../results\\成果狗哥\\images\\独孤行行不行-1.jpg']"
"回复:狗哥,我的狗哥","回复 鸡蛋卤土豆 :大号:成狗 小号:犬来八荒 不过你要知道,也是在超话拿图的",成果,lichunrui1991,2021-11-12 20:26,https://tieba.baidu.com/p/7610127294?pid=142032570058&cid=142033572319#142033572319,"['狗哥还有没有这种风格的照片，太好看了', '微博', '这好像是有一套的，大概是以前汉服模特时候拍的吧，她的b站抖音微博都是犬来八荒，微博大号还有一个成果成果成狗，大号发的是图和商业活动，小号犬来八荒都是些小作文和个人生活', '一般都是一套', '我也想要', '来一套去去水印', '指的是哪种风格，古风？', '', '']",['http://tiebapic.baidu.com/forum/w%3D580/sign=ea410ae61643fbf2c52ca62b807fca1e/4545eaf81a4c510ff5e4cdf42559252dd42aa539.jpg'],['../../results\\成果狗哥\\images\\lichunrui1991.jpg']
"回复:众生入坑,记录与分享我的修炼过程","比如,修炼技能是煮类料理售价+20%。这种技能只对自己做的菜生效,比较适合厨神。再比如丝香,擅长技法各+100炸技售价+10%,就比较适合下地。3.增加菜谱上限或者售价。售价是永久增加。菜谱上限举个例子,比如羽十六修炼,三星菜谱可...",爆炒江湖,凌风翀,2021-10-01 13:16,https://tieba.baidu.com/p/7560453969?pid=141503061190&cid=0#141503061190,"['可能是某天无聊不知在哪里看到这个游戏，慢慢就玩上了，一不小心就快半年了。喜欢爆炒因为节奏慢，不用PVP，慢慢累积什么都会有。而且很可爱，游戏里面的冷笑话也很喜欢。策划与活动也很喜欢。入坑时间大约在端午活动快结束的时候，众生是参加的第一个大活动，紧赶慢赶把它抽齐了后面就慢慢的修炼，到现在也算是小有成果，于是来分享一下，可以给差不多时间入坑的朋友们一个思路和参考吧本人算是小氪，月卡，礼包厨基本都买了，现在厨师够用，后面可能会少氪一点。目前御前高保率大概50%吧这游戏慢慢玩，啥都会有，主要是一个陪伴吧现有的修炼成果镇楼', '顶一个', '先说一下修炼的系统和意义吧主线到50之后会开放一火厨师的修炼，主线50开放2火，150开放3火，200开放4火，250开放5火，到主线255，所有功能都解锁完毕。因此255之前的主线，是建议速推我是到了255之后，开始兼顾主线，支线，专精，金币的。主线慢一点就慢一点了。每个厨师修炼都会有3个条件条件1：一次开业做固定数量的某个技能某个星级的菜。这里的技能，【通常】是该厨师最擅长的技能，等级，通常是厨师的星级，数量，通常是该星级做菜数量的上限。随便举个例子：羽十六修炼任务：一次开业制作3星炒技神级料理75份。羽十六是三火厨师，主技能是炒，三火菜一次最多做25份，所以任务就是3星炒技神级料理75份。重点1：一次完成。重点2：刚才说的是【通常】情况，也有部分厨师，需要做高于自己星级或低于自己星级的菜的，所以修炼前一定要先点开看一下，或者上白菜菊花查一下，具体的修炼任务是什么，重新来过就划不来了！比如老君李清凝，五火厨师是用四火菜修炼。条件2：提交一定数量符文。一般一二火厨师是铜符文，三四火厨师是银符文，五火厨师是金符文。符文的类型一般是厨师擅长的厨艺类型。偶尔也有不同的，或者跟升星符文不一样的，接受设定就好。条件3：一般来说有三种1）累计开业一定时间2）遇见多少个名人3）做一定数量五火菜（一般是150份）前两个条件比较好满足，别人做饭，他挂一个菜陪跑就行。五火菜需要提前看好，规划一下。', '修炼的意义，就在于修炼的结果了。修炼成果一般有以下几种，都可以在白菜菊花上查到。1.增加全体厨师，或者某个性别的全体厨师的某个技能点，通常是该厨师擅长的技法的技能点，点数通常是厨师的星级，比如二火的武葵，最擅长蒸技能，修炼之后是全体厨师蒸技法+2。看上去一点两点很少，积少成多，水滴石穿。有时候有的厨师就是差着一点两点，就可以够得上一个菜谱~再比如说一楼我现在的修炼，全体蒸技能+25了，相当于一个一火厨具了，在研发的时候，就增加了100点，相当于加了个豪华蒸笼~对研发的成功率提升很有帮助。2.增强自身的技能或售价。比如狗哥，修炼技能是煮类料理售价+20%。这种技能只对自己做的菜生效，比较适合厨神。再比如丝香，擅长技法各+100炸技售价+10%，就比较适合下地。3.增加菜谱上限或者售价。售价是永久增加。菜谱上限举个例子，比如羽十六修炼，三星菜谱可装备数量+1。原来三星菜一次只能做25份，修炼后可以做26份了~这个在你份数提升不多的时候，最主要的作用是减少修炼时间。比如某个厨师需要做3份75个三火菜修炼，你可以做26+26+23份，把时间最长的那个数量降下来。等到份数提升比较大的时候，就可以跨火修炼了。比如某个厨师需要做二火菜90份，你二火上限提高了4份，三火提高了2份，可以用2火34+2火34+三火22份=90份。又可以提高修炼效率了。4.减少开业时间，增加贵客赠礼数量，厨师上场陪跑不用做菜就可以奏效5.增加探索素材。这种厨师扔菜地了。一般丢鱼塘因为产量低。6.增加场上所有厨师某个技能点。这就是所谓的光环厨了。真的很有用，无论是修炼陪跑，实验研发，调料采集，厨神，都很有用。总的来说，每个厨师修炼都有一定提升效果，能修炼最好是都修炼~尤其是一二火厨师，虽然每个人就提升一点点，但是累计起来还是很有用的~我经常晚上挂个修炼任务，早上起来完成，然后顺便收玉。然后旁边人做菜挂个修炼在旁边刷时间，慢慢的就都修了~铜符文用量比较大，建议是抽初级池解决~一般抽一个初级池，4.5w金币，出来3-6个符文，游戏中期大约1小时刷5w不难，但是用菜谱刷铜符文，可能一两个小时就一个，效率比较低了~银符文日常探索基本够用金符文基本就是做任务，然后刷菜了~~希望集市卖符文和众生探索得金符文的活动再多来几遍hhh', '再说说修理的方法吧白菜菊花是比不可少的工具，可以提前将已有的菜谱录入进去，然后查的时候就会很方便修炼的顺序，就根据自己情况来安排了一般来说低火会卡比较长时间的是一火烤，高级池猪血豆腐串和国庆池手指饼干可以修炼，手指饼干好像是剧本4发出。因为厨师很多，每个任务都不一样，可以做个表格，把需要的信息和菜谱录入进去，就不用每次都查了我的表格可以做个参考上图中技能和修炼效果，可以在白菜菊花查到，后面是我想用的菜谱，以及部分厨师需要增加的技能，这样比较好搭配厨具。像常鹅，中间空了一格，是把任务三做五火菜的菜谱和任务一的分开。黄色打底的，是现在可以有菜谱修炼的。需要补池子的，我会把菜加在后面，然后注明是哪个池子，这样比较方便统计，看先补哪个池对自己提升较大~比如常羲修炼就需要抽国庆或者桃花池每次抽到一个高火的菜，我都会更新一下这个表格，说不定就能替代老池了呢~比如这次月宫瑶池，虾兵蟹将就是很好的修炼菜~老君修炼有望~有了光环，其他很多厨师都看到了希望~~实验室也有很多修炼菜，有多的厨师就扔实验室呀~~', '再说一下白菜菊花怎么用首先是录入菜谱，进入界面之后，菜谱右下角有个放大镜，点那个放大镜，点击【展示列】里面的【已有】，会出来一列可以勾选，就可以录入菜谱了。', '录入完菜谱之后，在【个人】界面，可以录入个人的修炼值接下来，在厨师界面，点右下角的放大镜，将修炼打开，点击显示最终值这样，厨师的技法就会加上刚填的个人修炼数值了。如果有额外使用上场技能，也可以选中再接下来，回到菜谱界面，筛选菜谱比如我要修炼羽十六，技能是做75份神级三火炒菜，那么点右下角放大镜，选择三火炒菜，然后厨师选择羽十六，点击旁边的神级能力差结束之后，菜谱界面就多了一列，可以看到这个厨师将菜谱做到神级，还需要多少技能点，可以由低到高排列，能够非常方便的提高筛选效率。点下面的那个已有，可以把打钩的菜谱筛选出来。这样就很方便的，可以结合自己的情况，来做合适的修炼方案了。有方案之后建议做个记录，可以节约时间~~', '想说的说完了（好像有点啰嗦，能帮到新人就好啦hhh），接下来就是个人的记录贴了以四五火为主吧，个别三火不好修炼的也算上~第一个修炼的四火是狗哥，狗哥真的是新人友好啊，免费还好修，厨神也很好用~第二个是天蝎是的，就修炼了这两个，其他的都缺菜谱_(:з」∠)_下面是几个修炼方案吧，这次月宫池的都比较好修炼~~然后有些抽高级池的金酱肉丝就可以了~~', '', '未完待续_(:з」∠)_', '有用，谢谢', '楼主这教程好详细 学到了', '前排']","['http://tiebapic.baidu.com/forum/w%3D580/sign=43552e29a5fe9925cb0c695804a95ee4/e25d192a2834349b7a4758698cea15ce37d3be0e.jpg', 'http://tiebapic.baidu.com/forum/w%3D580/sign=09d1b1a438380cd7e61ea2e59145ad14/cd0bcf087bf40ad1db7689f70a2c11dfa8ecce82.jpg', 'http://tiebapic.baidu.com/forum/w%3D580/sign=c73d9bdac425bc312b5d01906ede8de7/135ae534349b033bb17db2ce48ce36d3d439bd9b.jpg', 'http://tiebapic.baidu.com/forum/w%3D580/sign=18d7410d70f5e0feee1889096c6134e5/a729e82dd42a2834dc53781f06b5c9ea14cebf9b.jpg', 'http://tiebapic.baidu.com/forum/w%3D580/sign=c688467b9c33c895a67e9873e1127397/1a249b4e9258d1097a72985e9458ccbf6d814d3e.jpg', 'http://tiebapic.baidu.com/forum/w%3D580/sign=5dc2c23695fcc3ceb4c0c93ba244d6b7/e85e74389b504fc2cfb0fe11b8dde71191ef6dac.jpg', 'http://tiebapic.baidu.com/forum/w%3D580/sign=915dfb2e44d8bc3ec60806c2b28aa6c8/54637d7eca806538f10bea07cadda144ac3482b7.jpg', 'http://tiebapic.baidu.com/forum/w%3D580/sign=4aad4d884c23dd542173a760e10bb3df/12497b003af33a8768ee31f6835c10385143b5c8.jpg', 'http://tiebapic.baidu.com/forum/w%3D580/sign=e82ecf38da01a18bf0eb1247ae2e0761/3b735f45d688d43fe46ed8e6201ed21b0ff43b54.jpg', 'http://tiebapic.baidu.com/forum/w%3D580/sign=56f4d1db70fae6cd0cb4ab693fb10f9e/9b10f9a85edf8db10acc4c884c23dd54544e74e9.jpg', 'http://tiebapic.baidu.com/forum/w%3D580/sign=f2a4b6cb2b094b36db921be593cc7c00/30735c8fa0ec08fa92345bb304ee3d6d55fbda64.jpg', 'http://tiebapic.baidu.com/forum/w%3D580/sign=4ff9cf35ce13b07ebdbd50003cd79113/8b78a3061d950a7bb60306d057d162d9f2d3c966.jpg', 'http://tiebapic.baidu.com/forum/w%3D580/sign=1405958edd22720e7bcee2f24bc90a3a/304662c379310a55aeebee18f24543a9802610fb.jpg', 'http://tiebapic.baidu.com/forum/w%3D580/sign=3b5643ff4cf79052ef1f47363cf1d738/c43fb5f0f736afc362c30f89f619ebc4b54512fb.jpg', 'http://tiebapic.baidu.com/forum/w%3D580/sign=5baafdc5c318367aad897fd51e718b68/0a61bf8b4710b9122307c61286fdfc039045228d.jpg', 'http://tiebapic.baidu.com/forum/w%3D580/sign=cf2fa4dd8a2a60595210e1121834342d/fe627e1bb051f81918384b5e87b44aed2e73e773.jpg', 'http://tiebapic.baidu.com/forum/w%3D580/sign=68f0d4c8d713632715edc23ba18fa056/21bdb6899e510fb3760b3f838433c895d1430c01.jpg', 'http://tiebapic.baidu.com/forum/w%3D580/sign=4d73f0f82e600c33f079dec02a4d5134/d9674782b9014a90d0137551ec773912b21bee9a.jpg', 'http://tiebapic.baidu.com/forum/w%3D580/sign=d1346dbc493387449cc52f74610ed937/4df274014a90f603549dafab7c12b31bb151ed9a.jpg', 'http://tiebapic.baidu.com/forum/w%3D580/sign=d3c3f7373e2762d0803ea4b790ec0849/bcf953510fb30f243888a4179595d143ad4b0301.jpg', 'http://tiebapic.baidu.com/forum/w%3D580/sign=2f036cfbf4ec8a13141a57e8c7039157/f28a2bcd7b899e51779c72001fa7d933c8950d01.jpg']","['../../results\\成果狗哥\\images\\凌风翀-0.jpg', '../../results\\成果狗哥\\images\\凌风翀-1.jpg', '../../results\\成果狗哥\\images\\凌风翀-2.jpg', '../../results\\成果狗哥\\images\\凌风翀-3.jpg', '../../results\\成果狗哥\\images\\凌风翀-4.jpg', '../../results\\成果狗哥\\images\\凌风翀-5.jpg', '../../results\\成果狗哥\\images\\凌风翀-6.jpg', '../../results\\成果狗哥\\images\\凌风翀-7.jpg', '../../results\\成果狗哥\\images\\凌风翀-8.jpg', '../../results\\成果狗哥\\images\\凌风翀-9.jpg', '../../results\\成果狗哥\\images\\凌风翀-10.jpg', '../../results\\成果狗哥\\images\\凌风翀-11.jpg', '../../results\\成果狗哥\\images\\凌风翀-12.jpg', '../../results\\成果狗哥\\images\\凌风翀-13.jpg', '../../results\\成果狗哥\\images\\凌风翀-14.jpg', '../../results\\成果狗哥\\images\\凌风翀-15.jpg', '../../results\\成果狗哥\\images\\凌风翀-16.jpg', '../../results\\成果狗哥\\images\\凌风翀-17.jpg', '../../results\\成果狗哥\\images\\凌风翀-18.jpg', '../../results\\成果狗哥\\images\\凌风翀-19.jpg', '../../results\\成果狗哥\\images\\凌风翀-20.jpg']"
成果陪你观战PEL S4精彩赛事直播,"2021PEL S4赛季集结号吹响,游戏大神齐聚一堂!赛事助力官再次来到斗鱼直播平台与大神主播一起观看赛事,精彩解说,欢乐不断。10月24日19:00锁定直播间50523,在直播间等你,不许缺席!惊喜总藏在每个赛事直播中,S4赛季早早预定好了...",斗鱼tv,蝉嘤,2021-10-21 18:11,https://tieba.baidu.com/p/7583532916?pid=141747518007&cid=0#141747518007,"['2021PEL S4赛季集结号吹响，游戏大神齐聚一堂！赛事助力官成果再次来到斗鱼直播平台与大神主播一起观看赛事，精彩解说，欢乐不断。10月24日19：00锁定直播间50523，狗哥在直播间等你，不许缺席！惊喜总藏在每个赛事直播中，S4赛季早早预定好了精彩，就等你来看！这次，狗哥要与你一起看谁能给我们创造精彩，谁能给我们带来感动，又是谁充分展示了电子竞技的魅力，能让我们在屏幕前欢呼呐喊！10月24日19：00，快快锁定狗哥直播间50523，狗哥“鱼”你一同观战！', '《梨俱吠陀》是印度教的古籍，所谓的吠就是犬的叫声，我们的帝释天因陀罗正是身毒犬，古印度被称为身毒，自然界中的龙族都是老毒物，意味着我们的司马炎正是肺炎。']",['http://tiebapic.baidu.com/forum/w%3D580/sign=7b6487570210b912bfc1f6f6f3fcfcb5/1d5cfef33a87e950835f338055385343faf2b474.jpg'],['../../results\\成果狗哥\\images\\蝉嘤.jpg']
"回复:大家早呀,第一次看直播,期待成果姐姐今晚的直播","还好啦,官方直播,有些话都不好和我们唠",成果,mj杨1314520_,2021-09-19 09:16,https://tieba.baidu.com/p/7544863922?pid=141349068516&cid=0#141349068516,"['大家早呀，第一次看直播，期待成果姐姐今晚的直播', '还好啦，官方直播，有些话狗哥都不好和我们唠', '官方直播又不是狗子自己直播，有啥好期待的', '怎么才第一次', '好耶', '好耶', '好耶', '那很不凑巧哦，狗子只是解说而已', '这直播的内容是有点无聊啊，她看别人直播，她评论，有点无聊啊']",['http://tiebapic.baidu.com/forum/w%3D580/sign=4f0d75668b88d43ff0a991fa4d1ed2aa/f24f241f95cad1c814882e34223e6709c93d51f0.jpg'],['../../results\\成果狗哥\\images\\mj杨1314520_.jpg']
回复:非常感性的成果,"看到那里真的很难过,又担心静真又心疼,希望她的笑容能长挂于她的面庞。加油!?",成果,爱狗狗为抖抖,2021-07-19 15:45,https://tieba.baidu.com/p/7452655582?pid=140366994348&cid=0#140366994348,"['下一次还会有什么能让她哭成这样呢', '别哭了。抱抱', '或许它俩的离开会哭成这样', '一个好消息', '演戏', '和我结婚的时候', '下次我一🔨给她干哭', '下次我给她一拳', '这是哪里哭的啊？', '看到那里真的很难过，又担心静真又心疼狗哥，希望她的笑容能长挂于她的面庞。加油！💪', '我结婚了', '看到这里好心疼……']",['http://tiebapic.baidu.com/forum/w%3D580/sign=a1268ae3c7160924dc25a213e406359b/0f10738b4710b912df271b4bd4fdfc03934522a6.jpg'],['../../results\\成果狗哥\\images\\爱狗狗为抖抖.jpg']
"回复:在成果超话上看到了成果客串李佳航家,就当大力从德国回来了,不","你没看到这个节目朋友和夫妻哪一个比较熟,就由那个人来解说吗?航哥和演了36集剧肯定熟,晟姐才客串一集,肯定没有航哥熟(解说朋友的部分是航哥解说的)",爱情公寓,水塔陈醋酸酸哒,2021-08-08 23:33,https://tieba.baidu.com/p/6727400977?pid=132619384663&cid=140711100357#140711100357,"['在成果超话上看到了成果客串李佳航家，就当大力从德国回来了，不过估计是节目组事先没通知，李佳航刚看到成果的表情有点尬，不过还是挺搞笑的。', '嗯，', '我记得真人秀是有剧本的，就是不知道这算不算真人秀', '为啥没穿海绵宝宝的大裤衩', '一段时间不见，你都11级了', '张律师，我，可算！找到，你啦！！！。。。。然后被伟哥推了出去。。。。', '然后发现张伟和他妈结婚了。生活在一起', '有木有视频链接', '看不下去。。李晟跟成果还是不太熟的感觉', '李佳航演戏好，但同时也有点入戏太深，真把成果当女朋友了', '看了上面的回复，我觉得是节目组肯定是提前和李佳航一家打招呼了会邀请一个嘉宾来李佳航家做客，但邀请谁就不告诉他们。', '你们在哪儿看的，我没搜到这一期', '什么节目呀！', '好']","['http://tiebapic.baidu.com/forum/w%3D580/sign=ccbd3c88307f9e2f70351d002f31e962/0b6e32c79f3df8dcbc3601ffda11728b461028f2.jpg', 'http://tiebapic.baidu.com/forum/w%3D580/sign=d320d67c584a20a4311e3ccfa0539847/4e5befcd7b899e519f85b47a55a7d933c9950df2.jpg']","['../../results\\成果狗哥\\images\\水塔陈醋酸酸哒-0.jpg', '../../results\\成果狗哥\\images\\水塔陈醋酸酸哒-1.jpg']"
"回复:阿狗哭了,晚上要好好安慰一下","是啊,看到这一幕时真的好心疼,既心疼静真(猫猫)又心疼()。希望猫猫过得安宁,希望过得安康,希望一切都好。",成果,爱狗狗为抖抖,2021-07-16 15:33,https://tieba.baidu.com/p/7450081560?pid=140318621371&cid=0#140318621371,"['阿狗哭了，晚上要好好安慰一下', '她还是那么的爱哭', '好好劝劝', '太可爱了', '轮不到你', '我试过在晚上安慰她 结果哭得更惨了', '是啊，看到这一幕时真的好心疼，既心疼静真（猫猫）又心疼成果（狗哥）。希望猫猫过得安宁，希望狗哥过得安康，希望一切都好。', '那得我来安慰了']","['http://tiebapic.baidu.com/forum/w%3D580/sign=afc8409aa9096b6381195e583c328733/3502908fa0ec08faf4b394124eee3d6d54fbdad2.jpg', 'http://tiebapic.baidu.com/forum/w%3D580/sign=04d2a2bd4443fbf2c52ca62b807fca1e/4545eaf81a4c510f1b7765af7759252dd52aa5d2.jpg']","['../../results\\成果狗哥\\images\\爱狗狗为抖抖-0.jpg', '../../results\\成果狗哥\\images\\爱狗狗为抖抖-1.jpg']"
狗哥捏的是自己的脸吗?,我玩游戏都会捏一下的脸,成果,石大头de心,2021-08-08 20:30,https://tieba.baidu.com/p/7484765783?pid=140707785425&cid=0#140707785425,"['我玩游戏都会捏一下成果的脸', '大概，可能，应该吧', '捏脸游戏真是玩不下去，一捏捏好几个小时，进游戏就累了，直接删APP保平安', '狗哥直接捏个宝哥，弟弟直呼内行', '不知道', '', '怎么会捏小狗呢天天看小狗被暴打 这谁受得了', '啥游戏', '怎么捏', '不知道，挺漂亮的', '氵']",['http://tiebapic.baidu.com/forum/w%3D580/sign=a3b888e1c7160924dc25a213e406359b/0f10738b4710b912ddb91949d4fdfc039245220a.jpg'],['../../results\\成果狗哥\\images\\石大头de心.jpg']
回复:厚着脸皮要你们老婆的表情包,"回复 徜徉只爱? :你又没说是,你只是说老婆,我当然发我老婆的了",成果,Llt19991,2021-08-31 21:36,https://tieba.baidu.com/p/7454072014?pid=141057970278&cid=141108781601#141108781601,"['把你们老婆的表情包全部发出来', '不，我拒绝，老婆是你可以看吗？', '没有，不给', '', '', '空手套图是吧', '', '空手套表情包', '', '', '我直接收藏这个帖子', '家妻', '']","['http://tiebapic.baidu.com/forum/w%3D580/sign=f1b2d954382eb938ec6d7afae56385fe/532296dda144ad34fcd75d32c7a20cf431ad8519.jpg', 'http://tiebapic.baidu.com/forum/w%3D580/sign=636f18b3b8c379317d688621dbc5b784/552ad50735fae6cd601671d418b30f2443a70fe2.jpg', 'http://tiebapic.baidu.com/forum/w%3D580/sign=62dbf8d0a419ebc4c0787691b227cf79/24cc7a899e510fb314ceb022ce33c895d0430cb5.jpg', 'http://tiebapic.baidu.com/forum/w%3D580/sign=040525abc32a283443a636036bb4c92e/e2a5472309f79052fc7e72881bf3d7ca7bcbd520.jpg', 'http://tiebapic.baidu.com/forum/w%3D580/sign=06c4cc48d4fdfc03e578e3b0e43e87a9/3f1e4034970a304eeb279a4cc6c8a786c9175c04.jpg', 'http://tiebapic.baidu.com/forum/w%3D580/sign=765c5cc5ecf2b211e42e8546fa816511/29f91b4c510fd9f9b14e6fdf322dd42a2834a428.jpg', 'http://tiebapic.baidu.com/forum/w%3D580/sign=5d6f6c325ded2e73fce98624b700a16d/3537aec379310a55d80c5d42a04543a982261059.jpg', 'http://tiebapic.baidu.com/forum/w%3D580/sign=d8d99622512309f7e76fad1a420f0c39/b9f50bd162d9f2d3c0bfa759beec8a136227ccd8.jpg', 'http://tiebapic.baidu.com/forum/w%3D580/sign=d904eea4ea1f4134e0370576151e95c1/9e6135a85edf8db1b4090f231e23dd54564e7457.jpg', 'http://tiebapic.baidu.com/forum/w%3D580/sign=508006f8dd8065387beaa41ba7dca115/152b6159252dd42aeba7821d143b5bb5c8eab8d8.jpg', 'http://tiebapic.baidu.com/forum/w%3D580/sign=8a978afb72380cd7e61ea2e59145ad14/a258242dd42a28340e7243404cb5c9ea14cebfa2.jpg', 'http://tiebapic.baidu.com/forum/w%3D580/sign=92c3764d46da81cb4ee683c56267d0a4/f9c69e3df8dcd100850c6698658b4710b8122ffc.jpg', 'http://tiebapic.baidu.com/forum/w%3D580/sign=aa60d00089510fb37819779fe932c893/5044d788d43f8794e86fd697c51b0ef41ad53afc.jpg', 'http://tiebapic.baidu.com/forum/w%3D580/sign=6614dff368f5e0feee1889096c6134e5/b9ed55e736d12f2e2f337e8a0ac2d5628535682c.jpg', 'http://tiebapic.baidu.com/forum/w%3D580/sign=98aed804be773912c4268569c8188675/40035bafa40f4bfb954000ed144f78f0f63618fc.jpg', 'http://tiebapic.baidu.com/forum/w%3D580/sign=cc8fe4c337a446237ecaa56aa8237246/c0097af40ad162d9537efca506dfa9ec8b13cdfd.jpg', 'http://tiebapic.baidu.com/forum/w%3D580/sign=5f55b1c5460fd9f9a0175561152cd42b/97fab3fb43166d22fbe78b2d512309f79152d2fd.jpg', 'http://tiebapic.baidu.com/forum/w%3D580/sign=d4639d5ac239b6004dce0fbfd9513526/b9ca0b46f21fbe09aace5dad7c600c338644adfd.jpg', 'http://tiebapic.baidu.com/forum/w%3D580/sign=74e906bd4e82b2b7a79f39cc01accb0a/99b4c8ea15ce36d300941d892df33a87e850b1fd.jpg', 'http://tiebapic.baidu.com/forum/w%3D580/sign=b72a23b5af0e7bec23da03e91f2fb9fa/727fcb8065380cd71f089557b644ad3459828173.jpg', 'http://tiebapic.baidu.com/forum/w%3D580/sign=10a48ede83eef01f4d1418cdd0ff99e0/fb00203fb80e7becf0cc345b382eb9389b506b73.jpg']","['../../results\\成果狗哥\\images\\Llt19991-0.jpg', '../../results\\成果狗哥\\images\\Llt19991-1.jpg', '../../results\\成果狗哥\\images\\Llt19991-2.jpg', '../../results\\成果狗哥\\images\\Llt19991-3.jpg', '../../results\\成果狗哥\\images\\Llt19991-4.jpg', '../../results\\成果狗哥\\images\\Llt19991-5.jpg', '../../results\\成果狗哥\\images\\Llt19991-6.jpg', '../../results\\成果狗哥\\images\\Llt19991-7.jpg', '../../results\\成果狗哥\\images\\Llt19991-8.jpg', '../../results\\成果狗哥\\images\\Llt19991-9.jpg', '../../results\\成果狗哥\\images\\Llt19991-10.jpg', '../../results\\成果狗哥\\images\\Llt19991-11.jpg', '../../results\\成果狗哥\\images\\Llt19991-12.jpg', '../../results\\成果狗哥\\images\\Llt19991-13.jpg', '../../results\\成果狗哥\\images\\Llt19991-14.jpg', '../../results\\成果狗哥\\images\\Llt19991-15.jpg', '../../results\\成果狗哥\\images\\Llt19991-16.jpg', '../../results\\成果狗哥\\images\\Llt19991-17.jpg', '../../results\\成果狗哥\\images\\Llt19991-18.jpg', '../../results\\成果狗哥\\images\\Llt19991-19.jpg', '../../results\\成果狗哥\\images\\Llt19991-20.jpg']"
回复:【临别赠言】聊聊追星成某人的那些天,"目前来看,本人在各种戏外场合的表现并不具备太多吸粉的魅力,至少对于我来说,有点智商不高的样子。但大力和犬来八荒的双重作用下,具备吸粉的超强爆发力。我现在都不觉得直播中傻傻的,能写出那些具有人格魅力的文字,不知道她...",成果,大笨聪1234,2021-08-22 23:14,https://tieba.baidu.com/p/6873925756?pid=140963187221&cid=140964421301#140964421301,"['好久没更了，这个帖子还有人看吗，除夕那天会更新一次，话题是关于“成某人会不会凉”，感兴趣的朋友可以期待一下', '真的感觉理性追星很重要，个人感觉你和我的很多想法都一样，期待你的更新。', '【不火就凉了？】距离上次更新已经过去好久了，本以为自己会在2020年脱粉的，不过还是粉到了2021年的大年三十。回顾去年这个时候，正是成某人凭借爱5诸葛大力一角博得万千宠爱的时刻。也就在去年的同一时间，由于疫情原因，阿狗当起了游戏主播，那时大概谁也没想到她能坚持一年。起初我对这一举动很是不解，说好的演员成果呢？怎么不好好拍戏，当起游戏主播了。不过后来随着时间的推移才慢慢发现，这个办法是对的，至少它让成某人维持了基本的热度，不至于彻底凉凉。也是在去年爱情公寓系列十周年的时候，韦正导演爆出了阿狗即将参演新剧《破事精英》的消息。虽然不出意外的是“钱不够 演员不够 剧本在写”，但这也足够让我们这群成某人的粉丝兴奋好久了。自从这个消息公布以来就有很多的声音，有的觉得这部剧会让成某人二度翻红，有的则认为这部剧不火的话，阿狗会凉凉甚至退圈。在我看来，这两种想法都太过极端了。首先必须指出的是，艺人的声望是与曝光度相捆绑的，这也是一线明星为热搜无所不用其极的原因。反映到阿狗身上也就是说，从爱5播出之后到现在一年时间再也没有出现过同等声量的事件，无论正面还是负面，所以在我看来仅靠一个角色支撑这么久已经是一个奇迹了。其次，誉满天下者必定谤满天下，红的人除了有一帮铁粉一路相随，肯定也会有一群黑粉形影不离，这一点在去年此时的成果吧体现的最为真切。基于以上两点，我得出以下结论：经过一年时间成某人通过爱5积攒的人气已经消失大半，诸葛大力的光环渐渐褪去，可以说已经进入了事业低谷期，如果不是直播维持了基本温度恐怕还会更糟。所以，私以为《破事精英》播出后，只要不是一边倒的负面评价，肯定会是阿狗触底反弹的开始。虽然因为疫情原因阿狗错过了爱5是这班“高铁”，但《破事精英》这趟“普快”也足够让她的演艺事业步入正轨了。最近“私生饭”这个词再次进入大家的视线，大多数粉丝对这一行为深感厌恶。还记得去年九月份阿狗在西藏旅游的时候好心开直播和粉丝互动，结果却害的那家店铺的电话被打爆的事，但是也引起了许多人的不满。其实，从另一个角度来看，这也是成某人还有热度的一种体现，虽然这种表现形式略显夸张甚至令人作呕。可以说，自从出现明星这个群体，“私生饭”就已经作为一种追星形式存在，某种程度上这群人和明星是共生的关系。虽然他们的行为做法都偏向极端，不过碍于他们也是铁粉的一部分，明星本身也不会对这种行为有过多反应，从这个意义上来说，明星近乎于被这群人“绑架”了。当然，也不排除有些明星为了热度刻意纵容这类行为。相信这部分人还是少数的，更多的明星面对这类行为是无可奈何。有些朋友会认为面对这种侵犯公民隐私甚至是危害生命财产安全的行为完全可以报警处理，让他们受到应有的惩罚。表面上看，这样做合情合理合法，然而在现实生活中却极少有明星选择这条路，可见在他们看来这并不是一个好办法，至于各种原因只有他们自己晓得。正如前面提到的明星与这些极端粉丝之间存在某种程度上的共生关系，类似于癌细胞与人体，所以对这些人并没有“根除”的办法，我们能做的只有管好自己，不要变成那个样子。这个帖子已经很久没更新了，这次的话题有一定的争议性。为了避免不必要的麻烦，最后我还是老话一句，以上都是我个人观点，欢迎大家理性讨论，但不要骂骂咧咧。祝成某人和各位吧友新的一年健康平安快乐！', '春节特别话题【不火就凉了？】截图版', '', '', '', '', '', '', '', '', '', '怎么现在才看到！楼主写得太好了 解答了我很多内心的困惑', '']","['http://tiebapic.baidu.com/forum/w%3D580/sign=037e884d800a304e5222a0f2e1c9a7c3/9cde8cb1cb134954f742142d414e9258d1094a19.jpg', 'http://tiebapic.baidu.com/forum/w%3D580/sign=817a5e52c30735fa91f04eb1ae500f9f/0afdc2cec3fdfc03b8271ff1c33f8794a4c22619.jpg', 'http://tiebapic.baidu.com/forum/w%3D580/sign=b2351a513f34349b74066e8df9eb1521/842208f790529822e516c288c0ca7bcb0a46d452.jpg', 'http://tiebapic.baidu.com/forum/w%3D580/sign=95e9a0928a16fdfad86cc6e6848e8cea/6eae2fdda3cc7cd9bf166f602e01213fb80e9155.jpg', 'http://tiebapic.baidu.com/forum/w%3D580/sign=440fdcc3d22bd40742c7d3f54b889e9c/7b13c9fcc3cec3fdb128e59e9388d43f869427cc.jpg']","['../../results\\成果狗哥\\images\\大笨聪1234-0.jpg', '../../results\\成果狗哥\\images\\大笨聪1234-1.jpg', '../../results\\成果狗哥\\images\\大笨聪1234-2.jpg', '../../results\\成果狗哥\\images\\大笨聪1234-3.jpg', '../../results\\成果狗哥\\images\\大笨聪1234-4.jpg']"
"回复:你觉得,认识狗哥以后,她对你有什么影响?","之后看剧完的经历就不说了。剧里“诸葛大力”的形象,以及在剧外扮演者,让我认识了一个全新的“短发飒妹儿”的形象。",成果,三国之一,2021-07-08 19:22,https://tieba.baidu.com/p/7440356549?pid=140199472753&cid=0#140199472753,"['吧里大部分朋友都和我一样是在2020年开年看《爱5》认识的阿狗吧。那时我还是抱着这个2014年电视剧《爱4》完结后接着看的老观众心理去看的这部剧。2018年夏还上映一部《爱情公寓》电影版，我都没去看。因为上映当天下午就看到差评如潮的口碑了，实在很难想去看。', '再之后就是看了《爱5》。片头曲响起时，播到“诸葛大力——成果饰”，我就看到这个所说的新人是个短发女孩，就有点注意上了。看剧的感受就不说了。就说我其实不是第一集“挖掘机女侠”喜欢上阿狗的。而是第二集“大力出奇迹”，出现的海棠表白诸葛大力这一段，大力的样子太美了，我就被迷上了。', '之后看剧完的经历就不说了。剧里“诸葛大力”的形象，以及在剧外扮演者成果，让我认识了一个全新的“短发飒妹儿”的形象。', '至于阿狗对我的影响，就是让我确立我的异性审美观和性格是偏好“短发”、“性格飒，可以有点男孩子气或者男孩子爱好。”、“好看”、“不过于娇弱有自己的独立思想，会表达。”总结起来，好像无论是诸葛大力亦或阿狗，都属于这类型。', '自此以后，我的各种社交或者视频软件，出现短发小姐姐的频率明显增加了，可能是我自己搜索了类似的字眼给大数据捕捉到了。', '影响就是，手机多了微博和贴吧', '还多了斗鱼和b站，还有果音', '在我毕业工作又辞职的时候，有一个女孩看见就觉得开心，让我忘了生活中各种杂七杂八的琐事。那段时间，即使听着她的直播入睡，也会觉得心安。因为不大可能在生活中有交集，也无意在现实生活中去触碰，应该是很特别的存在，一种感情陪伴或者说是一种精神寄托。影响的话，就是找现在这个工作时，看到联系人姓成，就应聘了。', '', '影响就是多了微博这个软件，加了第一个粉丝群，手机第一次存这么多照片，绝大多数软件的名字和头像都和成果有关', '那时候对我来说她是一道光（不夸张），那段时间我情绪很低落', '我个人也是第一眼觉得挺喜欢的，怎么说勒，我见过很多女明星了，能让我第一眼就感觉特殊不同的可能就只有乌龙闯情关里面的曹颖了，仙三的时候也短暂喜欢过雪见，我也是第二集加强印象当时感觉荷尔蒙分泌过剩，追着看有大力的片段其实我以前并不喜欢短发美女的，也给我掰弯了，不过随着爱五完了很久后回归理性，没有那么难以控制情绪了，追完大力了对成果有了点兴趣，不过不知道哪里听说成果性格和lisa很像，我以为是lisa是指的lisa榕那种个性，当我知道后感觉心理上不适，后来看花絮发现似乎她是个沙雕，这性格就挺可爱的，虽然大力形象破灭，但成果性格不让我讨厌，觉得挺有趣的，好看的皮囊太多，有趣的灵魂却很少，慢慢就粉上了，虽然没以前狂热，但美女这种东西，养眼的同时有利于身心健康，佛系追星，而且我可是伟大的死忠啊，我对新剧可是很期待的', '我差不多不记得大力了', '我个人曾经想过为啥我会沉迷大力无法自拔，你要说狗子多么倾国倾城恐怕是扯淡，狗子虽然漂亮在娱乐圈里面也算前列了，但娱乐圈不缺美女，真不是简单的容貌能够让人喜欢的无法自拔。我猜猜你们是不是这么几个点喜欢上大力的，第一是狗子的脸，狗子是有一定男相英气的美女，这种人其实不少，比如林青霞万茜那种就属于这种美人，但这种美人有个问题就是男相英气过重会显得盐度超标失去了女性的可爱，如果说林的风格像一个洒脱的侠士，万茜像个严肃的军人，刘涛像一个干练的总裁，那么狗子给我的感觉就像一个阳光少年，而且是那种既有阳光少年感，又有阳光少女感的那种，能够很好结合男女相气质做到可盐可甜平衡把握的刚刚好的，恐怕就只有狗子了。这种阳光感，给人一种见面给人更好很积极的感觉，如果狗哥是一条狗，显然是喜欢笑的柴犬才配的上她的气质。第二，与面相相搭的恰好是气质与面相完全匹配，狗子本身性格有点像男孩，但依然有女孩的爱好，所以我觉得她如果能够很好的把握这一点，能够走的更远。第三就是妆容，她的妆容百变，穿衣也颇有品味，其实她高中时候衣着和发型都挺土的，做模特的工作很好的提高了她的衣着品味，并适应了很多妆容，要不怎么说她干啥啥不行拍照第一名勒，百变的造型给了人以很大的新鲜感，我不粉其他女明星很大程度上感觉她们的妆容风格都太类似，乍一看挺好看的，看多了就腻味了，但狗子总能整点新活，我粉一个就等于粉了多个女明星。这不是挺好的？', '影响很多，下了斗鱼看直播，以前的我根本不可能看直播还看了几个小时觉得不够！为狗子下了很多软件还去买杂志贴海报，以前根本不会去做的，以为这辈子都不会追星，没想到遇到了成果，想想蛮有趣的']","['http://tiebapic.baidu.com/forum/w%3D580/sign=cffa49bfb0efce1bea2bc8c29f50f3e8/b4084a36acaf2eddfcd943a09a1001e939019354.jpg', 'http://tiebapic.baidu.com/forum/w%3D580/sign=994a5c937a224f4a5799731b39f69044/df940b7b02087bf421607d5ce5d3572c10dfcffc.jpg', 'http://tiebapic.baidu.com/forum/w%3D580/sign=298ce759c600baa1ba2c47b37711b9b1/420b18d8bc3eb135854b9d0eb11ea8d3fc1f44fc.jpg', 'http://tiebapic.baidu.com/forum/w%3D580/sign=c4c3ac9ea751f819f1250342eab54a76/89fafaedab64034f8521e8b3b8c379310b551d9c.jpg']","['../../results\\成果狗哥\\images\\君子乘龙-0.jpg', '../../results\\成果狗哥\\images\\君子乘龙-1.jpg', '../../results\\成果狗哥\\images\\君子乘龙-2.jpg', '../../results\\成果狗哥\\images\\君子乘龙-3.jpg']"
"回复:你觉得,认识狗哥以后,她对你有什么影响?","其实我以前并不喜欢短发美女的,也给我掰弯了,不过随着爱五完了很久后回归理性,没有那么难以控制情绪了,追完大力了对有了点兴趣,不过不知道哪里听说性格和lisa很像,我以为是lisa是指的lisa榕那种个性,当我知道后感觉心理上不...",成果,君子乘龙,2021-07-08 22:08,https://tieba.baidu.com/p/7440356549?pid=140201843515&cid=0#140201843515,"['吧里大部分朋友都和我一样是在2020年开年看《爱5》认识的阿狗吧。那时我还是抱着这个2014年电视剧《爱4》完结后接着看的老观众心理去看的这部剧。2018年夏还上映一部《爱情公寓》电影版，我都没去看。因为上映当天下午就看到差评如潮的口碑了，实在很难想去看。', '再之后就是看了《爱5》。片头曲响起时，播到“诸葛大力——成果饰”，我就看到这个所说的新人是个短发女孩，就有点注意上了。看剧的感受就不说了。就说我其实不是第一集“挖掘机女侠”喜欢上阿狗的。而是第二集“大力出奇迹”，出现的海棠表白诸葛大力这一段，大力的样子太美了，我就被迷上了。', '之后看剧完的经历就不说了。剧里“诸葛大力”的形象，以及在剧外扮演者成果，让我认识了一个全新的“短发飒妹儿”的形象。', '至于阿狗对我的影响，就是让我确立我的异性审美观和性格是偏好“短发”、“性格飒，可以有点男孩子气或者男孩子爱好。”、“好看”、“不过于娇弱有自己的独立思想，会表达。”总结起来，好像无论是诸葛大力亦或阿狗，都属于这类型。', '自此以后，我的各种社交或者视频软件，出现短发小姐姐的频率明显增加了，可能是我自己搜索了类似的字眼给大数据捕捉到了。', '影响就是，手机多了微博和贴吧', '还多了斗鱼和b站，还有果音', '在我毕业工作又辞职的时候，有一个女孩看见就觉得开心，让我忘了生活中各种杂七杂八的琐事。那段时间，即使听着她的直播入睡，也会觉得心安。因为不大可能在生活中有交集，也无意在现实生活中去触碰，应该是很特别的存在，一种感情陪伴或者说是一种精神寄托。影响的话，就是找现在这个工作时，看到联系人姓成，就应聘了。', '', '影响就是多了微博这个软件，加了第一个粉丝群，手机第一次存这么多照片，绝大多数软件的名字和头像都和成果有关', '那时候对我来说她是一道光（不夸张），那段时间我情绪很低落', '我个人也是第一眼觉得挺喜欢的，怎么说勒，我见过很多女明星了，能让我第一眼就感觉特殊不同的可能就只有乌龙闯情关里面的曹颖了，仙三的时候也短暂喜欢过雪见，我也是第二集加强印象当时感觉荷尔蒙分泌过剩，追着看有大力的片段其实我以前并不喜欢短发美女的，也给我掰弯了，不过随着爱五完了很久后回归理性，没有那么难以控制情绪了，追完大力了对成果有了点兴趣，不过不知道哪里听说成果性格和lisa很像，我以为是lisa是指的lisa榕那种个性，当我知道后感觉心理上不适，后来看花絮发现似乎她是个沙雕，这性格就挺可爱的，虽然大力形象破灭，但成果性格不让我讨厌，觉得挺有趣的，好看的皮囊太多，有趣的灵魂却很少，慢慢就粉上了，虽然没以前狂热，但美女这种东西，养眼的同时有利于身心健康，佛系追星，而且我可是伟大的死忠啊，我对新剧可是很期待的', '我差不多不记得大力了', '我个人曾经想过为啥我会沉迷大力无法自拔，你要说狗子多么倾国倾城恐怕是扯淡，狗子虽然漂亮在娱乐圈里面也算前列了，但娱乐圈不缺美女，真不是简单的容貌能够让人喜欢的无法自拔。我猜猜你们是不是这么几个点喜欢上大力的，第一是狗子的脸，狗子是有一定男相英气的美女，这种人其实不少，比如林青霞万茜那种就属于这种美人，但这种美人有个问题就是男相英气过重会显得盐度超标失去了女性的可爱，如果说林的风格像一个洒脱的侠士，万茜像个严肃的军人，刘涛像一个干练的总裁，那么狗子给我的感觉就像一个阳光少年，而且是那种既有阳光少年感，又有阳光少女感的那种，能够很好结合男女相气质做到可盐可甜平衡把握的刚刚好的，恐怕就只有狗子了。这种阳光感，给人一种见面给人更好很积极的感觉，如果狗哥是一条狗，显然是喜欢笑的柴犬才配的上她的气质。第二，与面相相搭的恰好是气质与面相完全匹配，狗子本身性格有点像男孩，但依然有女孩的爱好，所以我觉得她如果能够很好的把握这一点，能够走的更远。第三就是妆容，她的妆容百变，穿衣也颇有品味，其实她高中时候衣着和发型都挺土的，做模特的工作很好的提高了她的衣着品味，并适应了很多妆容，要不怎么说她干啥啥不行拍照第一名勒，百变的造型给了人以很大的新鲜感，我不粉其他女明星很大程度上感觉她们的妆容风格都太类似，乍一看挺好看的，看多了就腻味了，但狗子总能整点新活，我粉一个就等于粉了多个女明星。这不是挺好的？', '影响很多，下了斗鱼看直播，以前的我根本不可能看直播还看了几个小时觉得不够！为狗子下了很多软件还去买杂志贴海报，以前根本不会去做的，以为这辈子都不会追星，没想到遇到了成果，想想蛮有趣的']","['http://tiebapic.baidu.com/forum/w%3D580/sign=cffa49bfb0efce1bea2bc8c29f50f3e8/b4084a36acaf2eddfcd943a09a1001e939019354.jpg', 'http://tiebapic.baidu.com/forum/w%3D580/sign=994a5c937a224f4a5799731b39f69044/df940b7b02087bf421607d5ce5d3572c10dfcffc.jpg', 'http://tiebapic.baidu.com/forum/w%3D580/sign=298ce759c600baa1ba2c47b37711b9b1/420b18d8bc3eb135854b9d0eb11ea8d3fc1f44fc.jpg', 'http://tiebapic.baidu.com/forum/w%3D580/sign=c4c3ac9ea751f819f1250342eab54a76/89fafaedab64034f8521e8b3b8c379310b551d9c.jpg']","['../../results\\成果狗哥\\images\\君子乘龙-0.jpg', '../../results\\成果狗哥\\images\\君子乘龙-1.jpg', '../../results\\成果狗哥\\images\\君子乘龙-2.jpg', '../../results\\成果狗哥\\images\\君子乘龙-3.jpg']"
"回复:你觉得,认识狗哥以后,她对你有什么影响?","影响很多,下了斗鱼看直播,以前的我根本不可能看直播还看了几个小时觉得不够!为狗子下了很多软件还去买杂志贴海报,以前根本不会去做的,以为这辈子都不会追星,没想到遇到了,想想蛮有趣的...",成果,再胜天,2021-07-08 23:29,https://tieba.baidu.com/p/7440356549?pid=140203007443&cid=0#140203007443,"['吧里大部分朋友都和我一样是在2020年开年看《爱5》认识的阿狗吧。那时我还是抱着这个2014年电视剧《爱4》完结后接着看的老观众心理去看的这部剧。2018年夏还上映一部《爱情公寓》电影版，我都没去看。因为上映当天下午就看到差评如潮的口碑了，实在很难想去看。', '再之后就是看了《爱5》。片头曲响起时，播到“诸葛大力——成果饰”，我就看到这个所说的新人是个短发女孩，就有点注意上了。看剧的感受就不说了。就说我其实不是第一集“挖掘机女侠”喜欢上阿狗的。而是第二集“大力出奇迹”，出现的海棠表白诸葛大力这一段，大力的样子太美了，我就被迷上了。', '之后看剧完的经历就不说了。剧里“诸葛大力”的形象，以及在剧外扮演者成果，让我认识了一个全新的“短发飒妹儿”的形象。', '至于阿狗对我的影响，就是让我确立我的异性审美观和性格是偏好“短发”、“性格飒，可以有点男孩子气或者男孩子爱好。”、“好看”、“不过于娇弱有自己的独立思想，会表达。”总结起来，好像无论是诸葛大力亦或阿狗，都属于这类型。', '自此以后，我的各种社交或者视频软件，出现短发小姐姐的频率明显增加了，可能是我自己搜索了类似的字眼给大数据捕捉到了。', '影响就是，手机多了微博和贴吧', '还多了斗鱼和b站，还有果音', '在我毕业工作又辞职的时候，有一个女孩看见就觉得开心，让我忘了生活中各种杂七杂八的琐事。那段时间，即使听着她的直播入睡，也会觉得心安。因为不大可能在生活中有交集，也无意在现实生活中去触碰，应该是很特别的存在，一种感情陪伴或者说是一种精神寄托。影响的话，就是找现在这个工作时，看到联系人姓成，就应聘了。', '', '影响就是多了微博这个软件，加了第一个粉丝群，手机第一次存这么多照片，绝大多数软件的名字和头像都和成果有关', '那时候对我来说她是一道光（不夸张），那段时间我情绪很低落', '我个人也是第一眼觉得挺喜欢的，怎么说勒，我见过很多女明星了，能让我第一眼就感觉特殊不同的可能就只有乌龙闯情关里面的曹颖了，仙三的时候也短暂喜欢过雪见，我也是第二集加强印象当时感觉荷尔蒙分泌过剩，追着看有大力的片段其实我以前并不喜欢短发美女的，也给我掰弯了，不过随着爱五完了很久后回归理性，没有那么难以控制情绪了，追完大力了对成果有了点兴趣，不过不知道哪里听说成果性格和lisa很像，我以为是lisa是指的lisa榕那种个性，当我知道后感觉心理上不适，后来看花絮发现似乎她是个沙雕，这性格就挺可爱的，虽然大力形象破灭，但成果性格不让我讨厌，觉得挺有趣的，好看的皮囊太多，有趣的灵魂却很少，慢慢就粉上了，虽然没以前狂热，但美女这种东西，养眼的同时有利于身心健康，佛系追星，而且我可是伟大的死忠啊，我对新剧可是很期待的', '我差不多不记得大力了', '我个人曾经想过为啥我会沉迷大力无法自拔，你要说狗子多么倾国倾城恐怕是扯淡，狗子虽然漂亮在娱乐圈里面也算前列了，但娱乐圈不缺美女，真不是简单的容貌能够让人喜欢的无法自拔。我猜猜你们是不是这么几个点喜欢上大力的，第一是狗子的脸，狗子是有一定男相英气的美女，这种人其实不少，比如林青霞万茜那种就属于这种美人，但这种美人有个问题就是男相英气过重会显得盐度超标失去了女性的可爱，如果说林的风格像一个洒脱的侠士，万茜像个严肃的军人，刘涛像一个干练的总裁，那么狗子给我的感觉就像一个阳光少年，而且是那种既有阳光少年感，又有阳光少女感的那种，能够很好结合男女相气质做到可盐可甜平衡把握的刚刚好的，恐怕就只有狗子了。这种阳光感，给人一种见面给人更好很积极的感觉，如果狗哥是一条狗，显然是喜欢笑的柴犬才配的上她的气质。第二，与面相相搭的恰好是气质与面相完全匹配，狗子本身性格有点像男孩，但依然有女孩的爱好，所以我觉得她如果能够很好的把握这一点，能够走的更远。第三就是妆容，她的妆容百变，穿衣也颇有品味，其实她高中时候衣着和发型都挺土的，做模特的工作很好的提高了她的衣着品味，并适应了很多妆容，要不怎么说她干啥啥不行拍照第一名勒，百变的造型给了人以很大的新鲜感，我不粉其他女明星很大程度上感觉她们的妆容风格都太类似，乍一看挺好看的，看多了就腻味了，但狗子总能整点新活，我粉一个就等于粉了多个女明星。这不是挺好的？', '影响很多，下了斗鱼看直播，以前的我根本不可能看直播还看了几个小时觉得不够！为狗子下了很多软件还去买杂志贴海报，以前根本不会去做的，以为这辈子都不会追星，没想到遇到了成果，想想蛮有趣的']","['http://tiebapic.baidu.com/forum/w%3D580/sign=cffa49bfb0efce1bea2bc8c29f50f3e8/b4084a36acaf2eddfcd943a09a1001e939019354.jpg', 'http://tiebapic.baidu.com/forum/w%3D580/sign=994a5c937a224f4a5799731b39f69044/df940b7b02087bf421607d5ce5d3572c10dfcffc.jpg', 'http://tiebapic.baidu.com/forum/w%3D580/sign=298ce759c600baa1ba2c47b37711b9b1/420b18d8bc3eb135854b9d0eb11ea8d3fc1f44fc.jpg', 'http://tiebapic.baidu.com/forum/w%3D580/sign=c4c3ac9ea751f819f1250342eab54a76/89fafaedab64034f8521e8b3b8c379310b551d9c.jpg']","['../../results\\成果狗哥\\images\\君子乘龙-0.jpg', '../../results\\成果狗哥\\images\\君子乘龙-1.jpg', '../../results\\成果狗哥\\images\\君子乘龙-2.jpg', '../../results\\成果狗哥\\images\\君子乘龙-3.jpg']"
人美墙白系列#成果##狗哥##犬来八荒#,人美墙白啊,成果,,2021-07-14 11:41,https://tieba.baidu.com/p/7447941057?pid=140283818849&cid=0#140283818849,['人美墙白啊'],"['http://tiebapic.baidu.com/forum/w%3D580/sign=14dee94e1d46f21fc9345e5bc6256b31/a12663d0f703918f63f89a7f463d269759eec458.jpg', 'http://tiebapic.baidu.com/forum/w%3D580/sign=0e052b97dffcc3ceb4c0c93ba244d6b7/641fa9d3fd1f4134de1fa2cb321f95cad1c85e58.jpg', 'http://tiebapic.baidu.com/forum/w%3D580/sign=de2a2a8b6cec54e741ec1a1689399bfd/088164380cd7912368c833c1ba345982b2b78059.jpg', 'http://tiebapic.baidu.com/forum/w%3D580/sign=cc866486648da9774e2f86238050f872/b1f183025aafa40fcded6968bc64034f78f01959.jpg', 'http://tiebapic.baidu.com/forum/w%3D580/sign=ecf8afe842fbb2fb342b581a7f4b2043/6b004d086e061d95bf6d908d6cf40ad162d9ca5a.jpg', 'http://tiebapic.baidu.com/forum/w%3D580/sign=a48243c6ba4bd11304cdb73a6aaea488/ccf51ad5ad6eddc43dcd134e2edbb6fd5266335a.jpg']","['../../results\\成果狗哥\\images\\-0.jpg', '../../results\\成果狗哥\\images\\-1.jpg', '../../results\\成果狗哥\\images\\-2.jpg', '../../results\\成果狗哥\\images\\-3.jpg', '../../results\\成果狗哥\\images\\-4.jpg', '../../results\\成果狗哥\\images\\-5.jpg']"
有狗哥这一套的图吗,"很早就知道这个照片了,第一眼就被惊艳到,直到这个月才知道有这个人,太喜欢了",成果,圣叹啦,2021-07-15 07:30,https://tieba.baidu.com/p/7449059186?pid=140296528254&cid=0#140296528254,"['很早就知道这个照片了，第一眼就被惊艳到，直到这个月才知道有成果这个人，太喜欢了', '微博里有，17年的好像', '这应该是吃姐那套图吧，微博搜eating', '还好啦，都是修过的，我老婆也就一般般漂亮啦', '有原图嘛', '']","['http://tiebapic.baidu.com/forum/w%3D580/sign=774922a275d0f703e6b295d438fb5148/638a86d6277f9e2ffa5269bd0830e924b899f326.jpg', 'http://tiebapic.baidu.com/forum/w%3D580/sign=9abbf55f96cb39dbc1c0675ee01709a7/5d3cf9dcd100baa18a6ed60e5010b912c9fc2ec2.jpg', 'http://tiebapic.baidu.com/forum/w%3D580/sign=c5401b77a5119313c743ffb855380c10/d84d500fd9f9d72af65ac5a8c32a2834349bbb4f.jpg']","['../../results\\成果狗哥\\images\\圣叹啦-0.jpg', '../../results\\成果狗哥\\images\\圣叹啦-1.jpg', '../../results\\成果狗哥\\images\\圣叹啦-2.jpg']"
回复:狗哥好像今天晚上在b站有直播,回复肉松阿翔 :【【/】6月16号做客百分之2的爱直播间(完整版) 录屏 我们真默契!~~~-哔哩哔哩】https://b23.tv/xMG3Qa,成果,雅图不会说谎,2021-06-18 09:48,https://tieba.baidu.com/p/7407117512?pid=139866783205&cid=139882737268#139882737268,"['造型挺好看的，', '有人还拿狗哥的签名，真是不错啊', '卧槽，绝了', '看起来针不戳', '针不戳', '哪看的', '', '我感觉狗哥的生图比视频里的好看', '不是去拍「破事」了吗，造型还是脏辫', '', '真的好看', '女人味点满了啊', '你管这叫好看。。。还是以前造型好看', '没这件白的会更好', '狗哥挺可惜的捧的太高了']","['http://tiebapic.baidu.com/forum/w%3D580/sign=803380c848ce36d3a20483380af23a24/cef2d6ca7bcb0a462999f72b3663f6246b60af6f.jpg', 'http://tiebapic.baidu.com/forum/w%3D580/sign=02ef7c5eb644ad342ebf878fe0a30c08/f69a023b5bb5c9ea8602dd50c239b6003bf3b396.jpg', 'http://tiebapic.baidu.com/forum/w%3D580/sign=29221b9c2d292df597c3ac1d8c305ce2/7a0f7aec54e736d192e252bb8c504fc2d4626996.jpg']","['../../results\\成果狗哥\\images\\雅图不会说谎-0.jpg', '../../results\\成果狗哥\\images\\雅图不会说谎-1.jpg', '../../results\\成果狗哥\\images\\雅图不会说谎-2.jpg']"
回复:LP真好看,回复 因爱生活? :我以老公的身份担保小宝有不在场证明,成果,sadlka呵呵,2021-07-14 11:37,https://tieba.baidu.com/p/7446865586?pid=140274541200&cid=140283763958#140283763958,"['话说，口红为什么涂到嘴唇以外了啊不懂就问，别骂我', '我涂的，让你见笑了', '我亲的时候不小心涂开了', '我涂的，让你见笑了', '观察得很细致。👍这才是狗哥独一无二的美感，也是她独特的人格魅力，也正因为她的美丽，吸引了我们众多人赴汤蹈火，还建立了温暖的大家庭。很感谢大家的陪伴，更感谢狗哥的美好，我会继续在这条正确、正义并散发曙光的道路上多做力所能及的事的。加油！大家！', '这是，哪个节目？', '看的太细了', '小宝捣乱', '可能我老婆偷吃薯片之后抿了一下嘴唇', '好家伙 在水帖成风的主页终于刷到我LP了', '阿狗护肤都得经纪人逼着。不过什么都不抹确实对皮肤更好', '我亲的', '第一眼就发现了，看着属实难受啊，像吃完饭没擦嘴一样', '我喂她吃火龙果吃的', '很多人都会这样涂 搞不明白']","['http://tiebapic.baidu.com/forum/w%3D580/sign=cd658b5475d9f2d3201124e799ed8a53/f47bdbb44aed2e733d4532999001a18b86d6fadd.jpg', 'http://tiebapic.baidu.com/forum/w%3D580/sign=a6b3cecf37a446237ecaa56aa8237246/c0097af40ad162d93942d6a906dfa9ec8b13cddd.jpg']","['../../results\\成果狗哥\\images\\sadlka呵呵-0.jpg', '../../results\\成果狗哥\\images\\sadlka呵呵-1.jpg']"
我老婆就是好看,给来杯卡布奇诺##,成果,只怪我的心太软,2021-07-13 20:27,https://tieba.baidu.com/p/7447205663?pid=140275610402&cid=0#140275610402,"['给狗哥来杯卡布奇诺#成果#', '年轻人不要随随便便喊老婆，这多不好，让我来', '', '我老婆爱喝拿铁', '这女人你把握不住让我来', '第四张图片让我想起了我女友帮我口出来的美好时光', '🌚🌚', '打卡']","['http://tiebapic.baidu.com/forum/w%3D580/sign=31074d6a61094b36db921be593cd7c00/f8f23b87e950352ac6f696bd4443fbf2b3118bf5.jpg', 'http://tiebapic.baidu.com/forum/w%3D580/sign=bd45489e8a16fdfad86cc6e6848e8cea/6eae2fdda3cc7cd997ba876c2e01213fb90e91f5.jpg', 'http://tiebapic.baidu.com/forum/w%3D580/sign=542b068f0ed8bc3ec60806c2b28aa6c8/56eff11f3a292df5d8541fa0ab315c6035a873f5.jpg', 'http://tiebapic.baidu.com/forum/w%3D580/sign=89950111b3c27d1ea5263bcc2bd4adaf/13c9a686c9177f3e3aa34fb867cf3bc79e3d56f5.jpg', 'http://tiebapic.baidu.com/forum/w%3D580/sign=ae994e10c643ad4ba62e46c8b2035a89/101a0ff41bd5ad6eaa6ed75f96cb39dbb7fd3cf5.jpg', 'http://tiebapic.baidu.com/forum/w%3D580/sign=415698929d82b9013dadc33b438ca97e/0a94d043ad4bd113fd5a04874dafa40f4afb05f5.jpg', 'http://tiebapic.baidu.com/forum/w%3D580/sign=d747a8f69cd4b31cf03c94b3b7d7276f/bb300b55b319ebc42aefc52c9526cffc1f1716f5.jpg', 'http://tiebapic.baidu.com/forum/w%3D580/sign=a7752f699d13632715edc23ba18ea056/711d8601a18b87d691d518aa100828381e30fdf6.jpg', 'http://tiebapic.baidu.com/forum/w%3D580/sign=ab88c9cf37a446237ecaa56aa8237246/c0097af40ad162d93479d1a906dfa9ec8b13cdf6.jpg', 'http://tiebapic.baidu.com/forum/w%3D580/sign=332a6d7b8e25bc312b5d01906ede8de7/f4d02e2eb9389b50511d58e79235e5dde6116ea2.jpg']","['../../results\\成果狗哥\\images\\只怪我的心太软-0.jpg', '../../results\\成果狗哥\\images\\只怪我的心太软-1.jpg', '../../results\\成果狗哥\\images\\只怪我的心太软-2.jpg', '../../results\\成果狗哥\\images\\只怪我的心太软-3.jpg', '../../results\\成果狗哥\\images\\只怪我的心太软-4.jpg', '../../results\\成果狗哥\\images\\只怪我的心太软-5.jpg', '../../results\\成果狗哥\\images\\只怪我的心太软-6.jpg', '../../results\\成果狗哥\\images\\只怪我的心太软-7.jpg', '../../results\\成果狗哥\\images\\只怪我的心太软-8.jpg', '../../results\\成果狗哥\\images\\只怪我的心太软-9.jpg']"
